{
    "info": {
        "https://moodle.org/": "1.0.0",
        "https://github.com/LearningLocker/Moodle-Log-Expander": "1.0.0"
    },
    "user": {
        "id": "2",
        "auth": "manual",
        "confirmed": "1",
        "policyagreed": "0",
        "deleted": "0",
        "suspended": "0",
        "mnethostid": "1",
        "username": "testuser",
        "password": "abc",
        "idnumber": "",
        "firstname": "Test",
        "lastname": "User",
        "email": "test@example.com",
        "emailstop": "0",
        "icq": "",
        "skype": "",
        "yahoo": "",
        "aim": "",
        "msn": "",
        "phone1": "",
        "phone2": "",
        "institution": "",
        "department": "",
        "address": "",
        "city": "",
        "country": "",
        "lang": "en",
        "calendartype": "gregorian",
        "theme": "",
        "timezone": "99",
        "firstaccess": "1433843759",
        "lastaccess": "1434624155",
        "lastlogin": "1434553557",
        "currentlogin": "1434616765",
        "lastip": "127.0.0.1",
        "secret": "",
        "picture": "0",
        "url": "http:\/\/localhost\/moodle",
        "description": "",
        "descriptionformat": "1",
        "mailformat": "1",
        "maildigest": "0",
        "maildisplay": "1",
        "autosubscribe": "1",
        "trackforums": "0",
        "timecreated": "0",
        "timemodified": "1433844142",
        "trustbitmask": "0",
        "imagealt": null,
        "lastnamephonetic": "",
        "firstnamephonetic": "",
        "middlename": "",
        "alternatename": "",
        "type": "mod_user", 
        "fullname": "Test User"
    },
    "course": {
        "id": "2",
        "category": "1",
        "sortorder": "10002",
        "fullname": "My Test Course 1",
        "shortname": "MTC1",
        "idnumber": "MTC1",
        "summary": "<p>A test course.<\/p>",
        "summaryformat": "1",
        "format": "weeks",
        "showgrades": "1",
        "newsitems": "5",
        "startdate": "1433890800",
        "marker": "0",
        "maxbytes": "0",
        "legacyfiles": "0",
        "showreports": "0",
        "visible": "1",
        "visibleold": "1",
        "groupmode": "0",
        "groupmodeforce": "0",
        "defaultgroupingid": "0",
        "lang": "",
        "calendartype": "",
        "theme": "",
        "timecreated": "1433844784",
        "timemodified": "1433844784",
        "requested": "0",
        "enablecompletion": "0",
        "completionnotify": "0",
        "cacherev": "1434624170",
        "url": "http:\/\/localhost\/moodle\/course.php?id=2",
        "type": "mod_course"
    },
    "app": {
        "id": "1",
        "category": "0",
        "sortorder": "10002",
        "fullname": "My Test Site",
        "shortname": "MTC1",
        "idnumber": "MTC1",
        "summary": "<p>A test site.<\/p>",
        "summaryformat": "1",
        "format": "weeks",
        "showgrades": "1",
        "newsitems": "5",
        "startdate": "1433890800",
        "marker": "0",
        "maxbytes": "0",
        "legacyfiles": "0",
        "showreports": "0",
        "visible": "1",
        "visibleold": "1",
        "groupmode": "0",
        "groupmodeforce": "0",
        "defaultgroupingid": "0",
        "lang": "",
        "calendartype": "",
        "theme": "",
        "timecreated": "1433844784",
        "timemodified": "1433844784",
        "requested": "0",
        "enablecompletion": "0",
        "completionnotify": "0",
        "cacherev": "1434621381",
        "url": "http:\/\/localhost\/moodle",
        "type": "site"
    },
    "event": {
        "eventname": "\\mod_assign\\event\\assessable_submitted",
        "component": "mod_assign",
        "action": "submitted",
        "target": "assessable",
        "objecttable": "assign_submission",
        "objectid": "8",
        "crud": "u",
        "edulevel": 2,
        "contextid": 52,
        "contextlevel": 70,
        "contextinstanceid": "12",
        "userid": "2",
        "courseid": "2",
        "relateduserid": null,
        "anonymous": 0,
        "other": "a:1:{s:19:\"submission_editable\";b:1;}",
        "timecreated": 1434624183,
        "origin": "web",
        "ip": "127.0.0.1",
        "realuserid": null
    },
    "submission": {
        "id": "8",
        "assignment": "5",
        "userid": "2",
        "timecreated": "1434624172",
        "timemodified": "1434624181",
        "status": "submitted",
        "groupid": "0",
        "attemptnumber": "0",
        "latest": "1",
        "type": "mod_submission"
    },
    "module": {
        "id": "5",
        "course": "2",
        "name": "My Test Assignment 3",
        "intro": "",
        "introformat": "1",
        "alwaysshowdescription": "1",
        "nosubmissions": "0",
        "submissiondrafts": "0",
        "sendnotifications": "0",
        "sendlatenotifications": "0",
        "duedate": "1435186800",
        "allowsubmissionsfromdate": "1434582000",
        "grade": "100",
        "timemodified": "1434617027",
        "requiresubmissionstatement": "0",
        "completionsubmit": "0",
        "cutoffdate": "0",
        "teamsubmission": "0",
        "requireallteammemberssubmit": "0",
        "teamsubmissiongroupingid": "0",
        "blindmarking": "0",
        "revealidentities": "0",
        "attemptreopenmethod": "none",
        "maxattempts": "-1",
        "markingworkflow": "0",
        "markingallocation": "0",
        "sendstudentnotifications": "1",
        "preventsubmissionnotingroup": "0",
        "url": "http:\/\/localhost\/moodle\/mod\/assign\/view.php?id=12",
        "type": "mod_assign"
    }
}
