{
    "info": {
        "https://moodle.org/": "1.0.0",
        "https://github.com/LearningLocker/Moodle-Log-Expander": "1.0.0"
    },
    "user": {
        "id": "2",
        "auth": "manual",
        "confirmed": "1",
        "policyagreed": "0",
        "deleted": "0",
        "suspended": "0",
        "mnethostid": "1",
        "username": "testuser",
        "password": "abc",
        "idnumber": "",
        "firstname": "Test",
        "lastname": "User",
        "email": "test@example.com",
        "emailstop": "0",
        "icq": "",
        "skype": "",
        "yahoo": "",
        "aim": "",
        "msn": "",
        "phone1": "",
        "phone2": "",
        "institution": "",
        "department": "",
        "address": "",
        "city": "",
        "country": "",
        "lang": "en",
        "calendartype": "gregorian",
        "theme": "",
        "timezone": "99",
        "firstaccess": "1433843759",
        "lastaccess": "1434624020",
        "lastlogin": "1434553557",
        "currentlogin": "1434616765",
        "lastip": "127.0.0.1",
        "secret": "",
        "picture": "0",
        "url": "http:\/\/localhost\/moodle",
        "description": "",
        "descriptionformat": "1",
        "mailformat": "1",
        "maildigest": "0",
        "maildisplay": "1",
        "autosubscribe": "1",
        "trackforums": "0",
        "timecreated": "0",
        "timemodified": "1433844142",
        "trustbitmask": "0",
        "imagealt": null,
        "lastnamephonetic": "",
        "firstnamephonetic": "",
        "middlename": "",
        "alternatename": "",
        "type": "mod_user", 
        "fullname": "Test User"
    },
    "course": {
        "id": "2",
        "category": "1",
        "sortorder": "10002",
        "fullname": "My Test Course 1",
        "shortname": "MTC1",
        "idnumber": "MTC1",
        "summary": "<p>A test course.<\/p>",
        "summaryformat": "1",
        "format": "weeks",
        "showgrades": "1",
        "newsitems": "5",
        "startdate": "1433890800",
        "marker": "0",
        "maxbytes": "0",
        "legacyfiles": "0",
        "showreports": "0",
        "visible": "1",
        "visibleold": "1",
        "groupmode": "0",
        "groupmodeforce": "0",
        "defaultgroupingid": "0",
        "lang": "",
        "calendartype": "",
        "theme": "",
        "timecreated": "1433844784",
        "timemodified": "1433844784",
        "requested": "0",
        "enablecompletion": "0",
        "completionnotify": "0",
        "cacherev": "1434621381",
        "url": "http:\/\/localhost\/moodle\/course.php?id=2",
        "type": "mod_course"
    },
    "app": {
        "id": "1",
        "category": "0",
        "sortorder": "10002",
        "fullname": "My Test Site",
        "shortname": "MTC1",
        "idnumber": "MTC1",
        "summary": "<p>A test site.<\/p>",
        "summaryformat": "1",
        "format": "weeks",
        "showgrades": "1",
        "newsitems": "5",
        "startdate": "1433890800",
        "marker": "0",
        "maxbytes": "0",
        "legacyfiles": "0",
        "showreports": "0",
        "visible": "1",
        "visibleold": "1",
        "groupmode": "0",
        "groupmodeforce": "0",
        "defaultgroupingid": "0",
        "lang": "",
        "calendartype": "",
        "theme": "",
        "timecreated": "1433844784",
        "timemodified": "1433844784",
        "requested": "0",
        "enablecompletion": "0",
        "completionnotify": "0",
        "cacherev": "1434621381",
        "url": "http:\/\/localhost\/moodle",
        "type": "site"
    },
    "event": {
        "eventname": "\\mod_quiz\\event\\attempt_reviewed",
        "component": "mod_quiz",
        "action": "reviewed",
        "target": "attempt",
        "objecttable": "quiz_attempts",
        "objectid": "51",
        "crud": "r",
        "edulevel": 1,
        "contextid": 31,
        "contextlevel": 70,
        "contextinstanceid": "3",
        "userid": "2",
        "courseid": "2",
        "relateduserid": "2",
        "anonymous": 0,
        "other": "a:1:{s:6:\"quizid\";s:1:\"1\";}",
        "timecreated": 1434624042,
        "origin": "web",
        "ip": "127.0.0.1",
        "realuserid": null
    },
    "attempt": {
        "id": "51",
        "quiz": "1",
        "userid": "2",
        "attempt": "1",
        "uniqueid": "51",
        "layout": "1,0",
        "currentpage": "0",
        "preview": "1",
        "state": "finished",
        "timestart": "1434624028",
        "timefinish": "1434624041",
        "timemodified": "1434624041",
        "timecheckstate": null,
        "sumgrades": "1.00000",
        "url": "http:\/\/localhost\/moodle\/mod\/quiz\/attempt.php?attempt=51",
        "name": "Attempt 51",
        "type": "mod_attempt",
        "questions": {
            "74": {
                "id": "74",
                "questionusageid": "46",
                "slot": "1",
                "behaviour": "deferredfeedback",
                "questionid": "2",
                "variant": "1",
                "maxmark": "5.0000000",
                "minfraction": "0.0000000",
                "maxfraction": "1.0000000",
                "flagged": "0",
                "questionsummary": "This statement is false.\u00a0: True; False",
                "rightanswer": "True",
                "responsesummary": "True",
                "timemodified": "1452774889",
                "steps": {
                    "219": {
                        "id": "219",
                        "questionattemptid": "74",
                        "sequencenumber": "0",
                        "state": "todo",
                        "fraction": null,
                        "timecreated": "1452774875",
                        "userid": "2",
                        "data": {
                            "219": {
                                "id": "219",
                                "attemptstepid": "219",
                                "name": "_order",
                                "value": "3,4"
                            }
                        }
                    },
                    "221": {
                        "id": "221",
                        "questionattemptid": "74",
                        "sequencenumber": "1",
                        "state": "complete",
                        "fraction": null,
                        "timecreated": "1452774878",
                        "userid": "2",
                        "data": {
                            "221": {
                                "id": "221",
                                "attemptstepid": "221",
                                "name": "answer",
                                "value": "0"
                            }
                        }
                    },
                    "223": {
                        "id": "223",
                        "questionattemptid": "74",
                        "sequencenumber": "2",
                        "state": "gradedright",
                        "fraction": "1.0000000",
                        "timecreated": "1452774889",
                        "userid": "2",
                        "data": {
                            "223": {
                                "id": "223",
                                "attemptstepid": "223",
                                "name": "-finish",
                                "value": "1"
                            }
                        }
                    }
                }
            },
            "75": {
                "id": "75",
                "questionusageid": "46",
                "slot": "2",
                "behaviour": "deferredfeedback",
                "questionid": "3",
                "variant": "1",
                "maxmark": "1.0000000",
                "minfraction": "0.0000000",
                "maxfraction": "1.0000000",
                "flagged": "0",
                "questionsummary": "chosoe 1: 1; 2; 3",
                "rightanswer": "1",
                "responsesummary": "3",
                "timemodified": "1452774889",
                "steps": {
                    "220": {
                        "id": "220",
                        "questionattemptid": "75",
                        "sequencenumber": "0",
                        "state": "todo",
                        "fraction": null,
                        "timecreated": "1452774875",
                        "userid": "2",
                        "data": {
                            "220": {
                                "id": "220",
                                "attemptstepid": "220",
                                "name": "_order",
                                "value": "5,6,7"
                            }
                        }
                    },
                    "222": {
                        "id": "222",
                        "questionattemptid": "75",
                        "sequencenumber": "1",
                        "state": "complete",
                        "fraction": null,
                        "timecreated": "1452774881",
                        "userid": "2",
                        "data": {
                            "222": {
                                "id": "222",
                                "attemptstepid": "222",
                                "name": "answer",
                                "value": "2"
                            }
                        }
                    },
                    "224": {
                        "id": "224",
                        "questionattemptid": "75",
                        "sequencenumber": "2",
                        "state": "gradedright",
                        "fraction": "1.0000000",
                        "timecreated": "1452774889",
                        "userid": "2",
                        "data": {
                            "224": {
                                "id": "224",
                                "attemptstepid": "224",
                                "name": "-finish",
                                "value": "1"
                            }
                        }
                    }
                }
            }
        }
    },
    "module": {
        "id": "1",
        "course": "2",
        "name": "My Test Quiz 1",
        "intro": "",
        "introformat": "1",
        "timeopen": "0",
        "timeclose": "0",
        "timelimit": "0",
        "overduehandling": "autosubmit",
        "graceperiod": "0",
        "preferredbehaviour": "deferredfeedback",
        "canredoquestions": "0",
        "attempts": "0",
        "attemptonlast": "0",
        "grademethod": "1",
        "decimalpoints": "2",
        "questiondecimalpoints": "-1",
        "reviewattempt": "69904",
        "reviewcorrectness": "4368",
        "reviewmarks": "4368",
        "reviewspecificfeedback": "4368",
        "reviewgeneralfeedback": "4368",
        "reviewrightanswer": "4368",
        "reviewoverallfeedback": "4368",
        "questionsperpage": "0",
        "navmethod": "free",
        "shuffleanswers": "1",
        "sumgrades": "1.00000",
        "grade": "1.00000",
        "timecreated": "0",
        "timemodified": "1433861865",
        "password": "",
        "subnet": "",
        "browsersecurity": "-",
        "delay1": "0",
        "delay2": "0",
        "showuserpicture": "0",
        "showblocks": "0",
        "completionattemptsexhausted": "0",
        "completionpass": "0",
        "url": "http:\/\/localhost\/moodle\/mod\/quiz\/view.php?id=3",
        "type": "mod_quiz"
    },
    "gradeitems": {
        "id":"2",
        "courseid":"2",
        "categoryid":"1",
        "itemname":"My Test Quiz 1",
        "itemtype":"mod",
        "itemmodule":"quiz",
        "iteminstance":"1",
        "itemnumber":"0",
        "iteminfo":null,
        "idnumber":"",
        "calculation":null,
        "gradetype":"1",
        "grademax":"5.00000",
        "grademin":"0.00000",
        "scaleid":null,
        "outcomeid":null,
        "gradepass":"5.00000",
        "multfactor":"1.00000",
        "plusfactor":"0.00000",
        "aggregationcoef":"0.00000",
        "aggregationcoef2":"1.00000",
        "sortorder":"2",
        "display":"0",
        "decimals":null,
        "hidden":"0",
        "locked":"0",
        "locktime":"0",
        "needsupdate":"0",
        "weightoverride":"0",
        "timecreated":"1452599388",
        "timemodified":"1452600864"
    },
    "questions": {
        "2": {
            "id": "2",
            "category": "2",
            "parent": "0",
            "name": "truth of falsity",
            "questiontext": "This statement is false.&nbsp;",
            "questiontextformat": "1",
            "generalfeedback": "",
            "generalfeedbackformat": "1",
            "defaultmark": "1.0000000",
            "penalty": "0.3333333",
            "qtype": "multichoice",
            "length": "1",
            "stamp": "localhost:8888+160112115049+fIG2EV",
            "version": "localhost:8888+160112115049+koiPrz",
            "hidden": "0",
            "timecreated": "1452599449",
            "timemodified": "1452599449",
            "createdby": "2",
            "modifiedby": "2",
            "url": "http:\/\/localhost\/moodle\/question\/question.php?id=23",
            "answers": {
                "3": {
                    "id": "3",
                    "question": "2",
                    "answer": "<p>True<\/p>",
                    "answerformat": "1",
                    "fraction": "1.0000000",
                    "feedback": "",
                    "feedbackformat": "1"
                },
                "4": {
                    "id": "4",
                    "question": "2",
                    "answer": "<p>False<\/p>",
                    "answerformat": "1",
                    "fraction": "1.0000000",
                    "feedback": "",
                    "feedbackformat": "1"
                }
            }
        },
        "3": {
            "id": "3",
            "category": "2",
            "parent": "0",
            "name": "choose 1 name",
            "questiontext": "<p>chosoe 1<\/p>",
            "questiontextformat": "1",
            "generalfeedback": "",
            "generalfeedbackformat": "1",
            "defaultmark": "1.0000000",
            "penalty": "0.3333333",
            "qtype": "multichoice",
            "length": "1",
            "stamp": "localhost:8888+160114112638+P6FShx",
            "version": "localhost:8888+160114112638+CDRab1",
            "hidden": "0",
            "timecreated": "1452770798",
            "timemodified": "1452770798",
            "createdby": "2",
            "modifiedby": "2",
            "url": "http:\/\/localhost\/moodle\/question\/question.php?id=23",
            "answers": {
                "5": {
                    "id": "5",
                    "question": "3",
                    "answer": "<p>1<\/p>",
                    "answerformat": "1",
                    "fraction": "1.0000000",
                    "feedback": "",
                    "feedbackformat": "1"
                },
                "6": {
                    "id": "6",
                    "question": "3",
                    "answer": "<p>2<\/p>",
                    "answerformat": "1",
                    "fraction": "1.0000000",
                    "feedback": "",
                    "feedbackformat": "1"
                },
                "7": {
                    "id": "7",
                    "question": "3",
                    "answer": "<p>3<\/p>",
                    "answerformat": "1",
                    "fraction": "1.0000000",
                    "feedback": "",
                    "feedbackformat": "1"
                }
            }
        }
    }
}
