{
    "user": {
        "id": 1,
        "username": "test_username",
        "lang": "en",
        "fullname": "test_fullname",
        "summary": "test_summary",
        "name": "test_name",
        "intro": "test_intro",
        "timestart": 1433946701,
        "timefinish": 1433946702,
        "timestamp": 1433946702,
        "timecreated": 1433946702,
        "state": "finished",
        "course": "1",
        "sumgrades": "1",
        "grade": "2",
        "quiz": "1",
        "assignment": "1",
        "userid": "1",
        "forum": "1",
        "type": "object",
        "scorm": "1",
        "feedback": "1",
        "template": "1",
        "grademax": "5.00000",
        "grademin": "0.00000",
        "gradepass": "5.00000",
        "commenttext": "<p>test comment<\/p>",
        "questionid": "1",
        "questiontext": "<p>test question<\/p>",
        "qtype": "multichoice",
        "maxmark": "5.00000",
        "fraction": "1.0000",
        "answer": "test answer",
        "rightanswer": "test answer",
        "responsesummary": "test answer",
        "sequencenumber": 1,
        "url": "http:\/\/www.example.com"
    },
    "relateduser": {
        "id": 1,
        "username": "test_username",
        "lang": "en",
        "fullname": "test_fullname",
        "summary": "test_summary",
        "name": "test_name",
        "intro": "test_intro",
        "timestart": 1433946701,
        "timefinish": 1433946702,
        "timestamp": 1433946702,
        "timecreated": 1433946702,
        "state": "finished",
        "course": "1",
        "sumgrades": "1",
        "grade": "2",
        "quiz": "1",
        "assignment": "1",
        "userid": "1",
        "forum": "1",
        "type": "object",
        "scorm": "1",
        "feedback": "1",
        "template": "1",
        "grademax": "5.00000",
        "grademin": "0.00000",
        "gradepass": "5.00000",
        "commenttext": "<p>test comment<\/p>",
        "questionid": "1",
        "questiontext": "<p>test question<\/p>",
        "qtype": "multichoice",
        "maxmark": "5.00000",
        "fraction": "1.0000",
        "answer": "test answer",
        "rightanswer": "test answer",
        "responsesummary": "test answer",
        "sequencenumber": 1,
        "url": "http:\/\/www.example.com"
    },
    "course": {
        "id": 1,
        "username": "test_username",
        "lang": "en",
        "fullname": "test_fullname",
        "summary": "test_summary",
        "name": "test_name",
        "intro": "test_intro",
        "timestart": 1433946701,
        "timefinish": 1433946702,
        "timestamp": 1433946702,
        "timecreated": 1433946702,
        "state": "finished",
        "course": "1",
        "sumgrades": "1",
        "grade": "2",
        "quiz": "1",
        "assignment": "1",
        "userid": "1",
        "forum": "1",
        "type": "object",
        "scorm": "1",
        "feedback": "1",
        "template": "1",
        "grademax": "5.00000",
        "grademin": "0.00000",
        "gradepass": "5.00000",
        "commenttext": "<p>test comment<\/p>",
        "questionid": "1",
        "questiontext": "<p>test question<\/p>",
        "qtype": "multichoice",
        "maxmark": "5.00000",
        "fraction": "1.0000",
        "answer": "test answer",
        "rightanswer": "test answer",
        "responsesummary": "test answer",
        "sequencenumber": 1,
        "url": "http:\/\/www.example.com\/course\/view.php?id=1"
    },
    "app": {
        "id": 1,
        "username": "test_username",
        "lang": "en",
        "fullname": "test_fullname",
        "summary": "test_summary",
        "name": "test_name",
        "intro": "test_intro",
        "timestart": 1433946701,
        "timefinish": 1433946702,
        "timestamp": 1433946702,
        "timecreated": 1433946702,
        "state": "finished",
        "course": "1",
        "sumgrades": "1",
        "grade": "2",
        "quiz": "1",
        "assignment": "1",
        "userid": "1",
        "forum": "1",
        "type": "site",
        "scorm": "1",
        "feedback": "1",
        "template": "1",
        "grademax": "5.00000",
        "grademin": "0.00000",
        "gradepass": "5.00000",
        "commenttext": "<p>test comment<\/p>",
        "questionid": "1",
        "questiontext": "<p>test question<\/p>",
        "qtype": "multichoice",
        "maxmark": "5.00000",
        "fraction": "1.0000",
        "answer": "test answer",
        "rightanswer": "test answer",
        "responsesummary": "test answer",
        "sequencenumber": 1,
        "url": "http:\/\/www.example.com"
    },
    "info": {
        "https:\/\/moodle.org\/": "1.0.0",
        "https:\/\/github.com\/LearningLocker\/Moodle-Log-Expander": "1.0.0"
    },
    "event": {
        "userid": 1,
        "relateduserid": 1,
        "courseid": 1,
        "timecreated": 1433946701,
        "eventname": "\\core\\event\\course_completed",
        "objecttable": null,
        "objectid": null,
        "action": "completed",
        "target": "course",
        "component": "core"
    }
}