{
    "info": {
        "https://moodle.org/": "1.0.0",
        "https://github.com/LearningLocker/Moodle-Log-Expander": "1.0.0"
    },
    "user": {
        "id": "2",
        "auth": "manual",
        "confirmed": "1",
        "policyagreed": "0",
        "deleted": "0",
        "suspended": "0",
        "mnethostid": "1",
        "username": "testuser",
        "password": "abc",
        "idnumber": "",
        "firstname": "Test",
        "lastname": "User",
        "email": "test@example.com",
        "emailstop": "0",
        "icq": "",
        "skype": "",
        "yahoo": "",
        "aim": "",
        "msn": "",
        "phone1": "",
        "phone2": "",
        "institution": "",
        "department": "",
        "address": "",
        "city": "",
        "country": "",
        "lang": "en",
        "calendartype": "gregorian",
        "theme": "",
        "timezone": "99",
        "firstaccess": "1433843759",
        "lastaccess": "1434623933",
        "lastlogin": "1434553557",
        "currentlogin": "1434616765",
        "lastip": "127.0.0.1",
        "secret": "",
        "picture": "0",
        "url": "http:\/\/localhost\/moodle",
        "description": "",
        "descriptionformat": "1",
        "mailformat": "1",
        "maildigest": "0",
        "maildisplay": "1",
        "autosubscribe": "1",
        "trackforums": "0",
        "timecreated": "0",
        "timemodified": "1433844142",
        "trustbitmask": "0",
        "imagealt": null,
        "lastnamephonetic": "",
        "firstnamephonetic": "",
        "middlename": "",
        "alternatename": "",
        "type": "mod_user", 
        "fullname": "Test User"
    },
    "course": {
        "id": "2",
        "category": "1",
        "sortorder": "10002",
        "fullname": "My Test Course 1",
        "shortname": "MTC1",
        "idnumber": "MTC1",
        "summary": "<p>A test course.<\/p>",
        "summaryformat": "1",
        "format": "weeks",
        "showgrades": "1",
        "newsitems": "5",
        "startdate": "1433890800",
        "marker": "0",
        "maxbytes": "0",
        "legacyfiles": "0",
        "showreports": "0",
        "visible": "1",
        "visibleold": "1",
        "groupmode": "0",
        "groupmodeforce": "0",
        "defaultgroupingid": "0",
        "lang": "",
        "calendartype": "",
        "theme": "",
        "timecreated": "1433844784",
        "timemodified": "1433844784",
        "requested": "0",
        "enablecompletion": "0",
        "completionnotify": "0",
        "cacherev": "1434621381",
        "url": "http:\/\/localhost\/moodle\/course.php?id=2",
        "type": "mod_course"
    },
    "app": {
        "id": "1",
        "category": "0",
        "sortorder": "10002",
        "fullname": "My Test Site",
        "shortname": "MTC1",
        "idnumber": "MTC1",
        "summary": "<p>A test site.<\/p>",
        "summaryformat": "1",
        "format": "weeks",
        "showgrades": "1",
        "newsitems": "5",
        "startdate": "1433890800",
        "marker": "0",
        "maxbytes": "0",
        "legacyfiles": "0",
        "showreports": "0",
        "visible": "1",
        "visibleold": "1",
        "groupmode": "0",
        "groupmodeforce": "0",
        "defaultgroupingid": "0",
        "lang": "",
        "calendartype": "",
        "theme": "",
        "timecreated": "1433844784",
        "timemodified": "1433844784",
        "requested": "0",
        "enablecompletion": "0",
        "completionnotify": "0",
        "cacherev": "1434621381",
        "url": "http:\/\/localhost\/moodle",
        "type": "site"
    },
    "event": {
        "eventname": "\\mod_page\\event\\course_module_viewed",
        "component": "mod_page",
        "action": "viewed",
        "target": "course_module",
        "objecttable": "page",
        "objectid": "1",
        "crud": "r",
        "edulevel": 2,
        "contextid": 30,
        "contextlevel": 70,
        "contextinstanceid": "2",
        "userid": "2",
        "courseid": "2",
        "relateduserid": null,
        "anonymous": 0,
        "other": "N;",
        "timecreated": 1434623980,
        "origin": "web",
        "ip": "127.0.0.1",
        "realuserid": null
    },
    "discussion": {
        "id": "1",
        "course": "2",
        "forum": "2",
        "name": "My Forum",
        "firstpost": "1",
        "userid": "2",
        "groupid": "-1",
        "assessed": "0",
        "timemodified": "1435531416",
        "usermodified": "1435531416",
        "timestart": "0",
        "timeend": "0",
        "url": "http:\/\/www.example.com\/mod\/forum\/discuss.php?d=1",
        "type": "mod_discussion"
    },
    "module": {
        "id": "52",
        "course": "31",
        "type": "news",
        "name": "My Forum",
        "intro": "<p>sdfsdfdfsdf</p>",
        "introformat": "1",
        "assessed": "0",
        "assesstimestart": "0",
        "assesstimefinish": "0",
        "scale": "1",
        "maxbytes": "0",
        "maxattachments": "1",
        "forcesubscribe": "1",
        "trackingtype": "1",
        "rsstype": "0",
        "rssarticles": "0",
        "timemodified": "1369751485",
        "warnafter": "0",
        "blockafter": "0",
        "blockperiod": "0",
        "completiondiscussions": "0",
        "completionreplies": "0",
        "completionposts": "0",
        "displaywordcount": "0",
        "url": "http:\/\/www.example.com\/mod\/forum\/view.php?id=1",
        "type": "mod_forum"
    }
}