{
    "info": {
        "https://moodle.org/": "1.0.0",
        "https://github.com/LearningLocker/Moodle-Log-Expander": "1.0.0"
    },
    "user": {
        "id": "2",
        "auth": "manual",
        "confirmed": "1",
        "policyagreed": "0",
        "deleted": "0",
        "suspended": "0",
        "mnethostid": "1",
        "username": "testuser",
        "password": "abc",
        "idnumber": "",
        "firstname": "Test",
        "lastname": "User",
        "email": "test@example.com",
        "emailstop": "0",
        "icq": "",
        "skype": "",
        "yahoo": "",
        "aim": "",
        "msn": "",
        "phone1": "",
        "phone2": "",
        "institution": "",
        "department": "",
        "address": "",
        "city": "",
        "country": "",
        "lang": "en",
        "calendartype": "gregorian",
        "theme": "",
        "timezone": "99",
        "firstaccess": "1433843759",
        "lastaccess": "1434623767",
        "lastlogin": "1434553557",
        "currentlogin": "1434616765",
        "lastip": "127.0.0.1",
        "secret": "",
        "picture": "0",
        "url": "http:\/\/localhost\/moodle",
        "description": "",
        "descriptionformat": "1",
        "mailformat": "1",
        "maildigest": "0",
        "maildisplay": "1",
        "autosubscribe": "1",
        "trackforums": "0",
        "timecreated": "0",
        "timemodified": "1433844142",
        "trustbitmask": "0",
        "imagealt": null,
        "lastnamephonetic": "",
        "firstnamephonetic": "",
        "middlename": "",
        "alternatename": "",
        "type": "mod_user", 
        "fullname": "Test User"
    },
    "relateduser": {
        "id": "2",
        "auth": "manual",
        "confirmed": "1",
        "policyagreed": "0",
        "deleted": "0",
        "suspended": "0",
        "mnethostid": "1",
        "username": "testuser",
        "password": "abc",
        "idnumber": "",
        "firstname": "Test",
        "lastname": "User",
        "email": "test@example.com",
        "emailstop": "0",
        "icq": "",
        "skype": "",
        "yahoo": "",
        "aim": "",
        "msn": "",
        "phone1": "",
        "phone2": "",
        "institution": "",
        "department": "",
        "address": "",
        "city": "",
        "country": "",
        "lang": "en",
        "calendartype": "gregorian",
        "theme": "",
        "timezone": "99",
        "firstaccess": "1433843759",
        "lastaccess": "1434623767",
        "lastlogin": "1434553557",
        "currentlogin": "1434616765",
        "lastip": "127.0.0.1",
        "secret": "",
        "picture": "0",
        "url": "http:\/\/localhost\/moodle",
        "description": "",
        "descriptionformat": "1",
        "mailformat": "1",
        "maildigest": "0",
        "maildisplay": "1",
        "autosubscribe": "1",
        "trackforums": "0",
        "timecreated": "0",
        "timemodified": "1433844142",
        "trustbitmask": "0",
        "imagealt": null,
        "lastnamephonetic": "",
        "firstnamephonetic": "",
        "middlename": "",
        "alternatename": "",
        "type": "mod_user"
    },
    "course": {
        "id": "2",
        "category": "1",
        "sortorder": "10002",
        "fullname": "My Test Course 1",
        "shortname": "MTC1",
        "idnumber": "MTC1",
        "summary": "<p>A test course.<\/p>",
        "summaryformat": "1",
        "format": "weeks",
        "showgrades": "1",
        "newsitems": "5",
        "startdate": "1433890800",
        "marker": "0",
        "maxbytes": "0",
        "legacyfiles": "0",
        "showreports": "0",
        "visible": "1",
        "visibleold": "1",
        "groupmode": "0",
        "groupmodeforce": "0",
        "defaultgroupingid": "0",
        "lang": "",
        "calendartype": "",
        "theme": "",
        "timecreated": "1433844784",
        "timemodified": "1433844784",
        "requested": "0",
        "enablecompletion": "0",
        "completionnotify": "0",
        "cacherev": "1434621381",
        "url": "http:\/\/localhost\/moodle\/course.php?id=2",
        "type": "mod_course"
    },
    "app": {
        "id": "1",
        "category": "0",
        "sortorder": "10002",
        "fullname": "My Test Site",
        "shortname": "MTC1",
        "idnumber": "MTC1",
        "summary": "<p>A test site.<\/p>",
        "summaryformat": "1",
        "format": "weeks",
        "showgrades": "1",
        "newsitems": "5",
        "startdate": "1433890800",
        "marker": "0",
        "maxbytes": "0",
        "legacyfiles": "0",
        "showreports": "0",
        "visible": "1",
        "visibleold": "1",
        "groupmode": "0",
        "groupmodeforce": "0",
        "defaultgroupingid": "0",
        "lang": "",
        "calendartype": "",
        "theme": "",
        "timecreated": "1433844784",
        "timemodified": "1433844784",
        "requested": "0",
        "enablecompletion": "0",
        "completionnotify": "0",
        "cacherev": "1434621381",
        "url": "http:\/\/localhost\/moodle",
        "type": "site"
    },
    "event": {
        "eventname": "\\core\\event\\course_viewed",
        "component": "core",
        "action": "viewed",
        "target": "course",
        "objecttable": null,
        "objectid": null,
        "crud": "r",
        "edulevel": 2,
        "contextid": 24,
        "contextlevel": 50,
        "contextinstanceid": "2",
        "userid": "2",
        "courseid": "2",
        "relateduserid": null,
        "anonymous": 0,
        "other": "N;",
        "timecreated": 1434623775,
        "origin": "web",
        "ip": "127.0.0.1",
        "realuserid": null
    }
}
