{
    "user": {
        "id": "2",
        "auth": "manual",
        "confirmed": "1",
        "policyagreed": "0",
        "deleted": "0",
        "suspended": "0",
        "mnethostid": "1",
        "username": "admin",
        "password": "<Encrypted Password>",
        "idnumber": "1234",
        "firstname": "Andrew",
        "lastname": "Downes",
        "email": "andrew.downes@watershedlrs.com",
        "emailstop": "0",
        "icq": "",
        "skype": "",
        "yahoo": "",
        "aim": "",
        "msn": "",
        "phone1": "",
        "phone2": "",
        "institution": "",
        "department": "",
        "address": "",
        "city": "",
        "country": "",
        "lang": "en",
        "calendartype": "gregorian",
        "theme": "",
        "timezone": "99",
        "firstaccess": "1419861110",
        "lastaccess": "1458587709",
        "lastlogin": "1458556486",
        "currentlogin": "1458586418",
        "lastip": "0:0:0:0:0:0:0:1",
        "secret": "",
        "picture": "0",
        "url": "http:\/\/localhost:8888\/moodle",
        "description": "",
        "descriptionformat": "1",
        "mailformat": "1",
        "maildigest": "0",
        "maildisplay": "1",
        "autosubscribe": "1",
        "trackforums": "0",
        "timecreated": "0",
        "timemodified": "1448643078",
        "trustbitmask": "0",
        "imagealt": "",
        "lastnamephonetic": "",
        "firstnamephonetic": "",
        "middlename": "",
        "alternatename": "",
        "type": "user", 
        "fullname": "Test User"
    },
    "relateduser": {
        "id": "2",
        "auth": "manual",
        "confirmed": "1",
        "policyagreed": "0",
        "deleted": "0",
        "suspended": "0",
        "mnethostid": "1",
        "username": "admin",
        "password": "<Encrypted Password>",
        "idnumber": "1234",
        "firstname": "Andrew",
        "lastname": "Downes",
        "email": "andrew.downes@watershedlrs.com",
        "emailstop": "0",
        "icq": "",
        "skype": "",
        "yahoo": "",
        "aim": "",
        "msn": "",
        "phone1": "",
        "phone2": "",
        "institution": "",
        "department": "",
        "address": "",
        "city": "",
        "country": "",
        "lang": "en",
        "calendartype": "gregorian",
        "theme": "",
        "timezone": "99",
        "firstaccess": "1419861110",
        "lastaccess": "1458587709",
        "lastlogin": "1458556486",
        "currentlogin": "1458586418",
        "lastip": "0:0:0:0:0:0:0:1",
        "secret": "",
        "picture": "0",
        "url": "http:\/\/localhost:8888\/moodle",
        "description": "",
        "descriptionformat": "1",
        "mailformat": "1",
        "maildigest": "0",
        "maildisplay": "1",
        "autosubscribe": "1",
        "trackforums": "0",
        "timecreated": "0",
        "timemodified": "1448643078",
        "trustbitmask": "0",
        "imagealt": "",
        "lastnamephonetic": "",
        "firstnamephonetic": "",
        "middlename": "",
        "alternatename": "",
        "type": "user"
    },
    "course": {
        "id": "2",
        "category": "1",
        "sortorder": "10001",
        "fullname": "Demo Moodle Course",
        "shortname": "demo",
        "idnumber": "",
        "summary": "",
        "summaryformat": "1",
        "format": "topics",
        "showgrades": "1",
        "newsitems": "5",
        "startdate": "1419894000",
        "marker": "0",
        "maxbytes": "0",
        "legacyfiles": "0",
        "showreports": "0",
        "visible": "1",
        "visibleold": "1",
        "groupmode": "0",
        "groupmodeforce": "0",
        "defaultgroupingid": "0",
        "lang": "",
        "calendartype": "",
        "theme": "",
        "timecreated": "1419863662",
        "timemodified": "1426169572",
        "requested": "0",
        "enablecompletion": "1",
        "completionnotify": "0",
        "cacherev": "1458560450",
        "type": "course",
        "url": "http:\/\/localhost:8888\/moodle\/course\/view.php?id=2"
    },
    "app": {
        "id": "1",
        "category": "0",
        "sortorder": "1",
        "fullname": "test",
        "shortname": "test",
        "idnumber": "",
        "summary": "<p>foobar<\/p>",
        "summaryformat": "0",
        "format": "site",
        "showgrades": "1",
        "newsitems": "3",
        "startdate": "0",
        "marker": "0",
        "maxbytes": "0",
        "legacyfiles": "0",
        "showreports": "0",
        "visible": "1",
        "visibleold": "1",
        "groupmode": "0",
        "groupmodeforce": "0",
        "defaultgroupingid": "0",
        "lang": "",
        "calendartype": "",
        "theme": "",
        "timecreated": "1419861072",
        "timemodified": "1445596690",
        "requested": "0",
        "enablecompletion": "0",
        "completionnotify": "0",
        "cacherev": "1458560450",
        "type": "site",
        "url": "http:\/\/localhost:8888\/moodle"
    },
    "info": {
        "https:\/\/moodle.org\/": "3.0+ (Build: 20151126)",
        "https:\/\/github.com\/LearningLocker\/Moodle-Log-Expander": "1.0.0"
    },
    "event": {
        "eventname": "\\mod_feedback\\event\\response_submitted",
        "component": "mod_feedback",
        "action": "submitted",
        "target": "response",
        "objecttable": "feedback_completed",
        "objectid": 9,
        "crud": "c",
        "edulevel": 2,
        "contextid": 245,
        "contextlevel": 70,
        "contextinstanceid": "126",
        "userid": "2",
        "courseid": "2",
        "relateduserid": "2",
        "anonymous": 1,
        "other": "a:3:{s:4:\"cmid\";s:3:\"126\";s:10:\"instanceid\";s:1:\"1\";s:9:\"anonymous\";s:1:\"1\";}",
        "timecreated": 1458587732,
        "origin": "web",
        "ip": "0:0:0:0:0:0:0:1",
        "realuserid": null
    },
    "module": {
        "id": "1",
        "course": "2",
        "name": "test evaluation",
        "intro": "",
        "introformat": "1",
        "anonymous": "1",
        "email_notification": "0",
        "multiple_submit": "0",
        "autonumbering": "0",
        "site_after_submit": "",
        "page_after_submit": "",
        "page_after_submitformat": "1",
        "publish_stats": "0",
        "timeopen": "0",
        "timeclose": "0",
        "timemodified": "1458296283",
        "completionsubmit": "0",
        "type": "feedback",
        "url": "http:\/\/localhost:8888\/moodle\/mod\/feedback\/view.php?id=126"
    },
    "questions": {
        "1": {
            "id": "1",
            "feedback": "1",
            "template": "0",
            "name": "example MCQ",
            "label": "",
            "presentation": "r>>>>>agree\r|disagree\r|whatever",
            "typ": "multichoice",
            "hasvalue": "1",
            "position": "1",
            "required": "0",
            "dependitem": "0",
            "dependvalue": "",
            "options": "",
            "template": false,
            "url": "http:\/\/localhost:8888\/moodle\/mod\/feedback\/edit_item.php?id=1"
        },
        "2": {
            "id": "2",
            "feedback": "1",
            "template": "0",
            "name": "a rated question",
            "label": "",
            "presentation": "r>>>>>0#### foo|1#### bar",
            "typ": "multichoicerated",
            "hasvalue": "1",
            "position": "2",
            "required": "0",
            "dependitem": "0",
            "dependvalue": "",
            "options": "",
            "template": false,
            "url": "http:\/\/localhost:8888\/moodle\/mod\/feedback\/edit_item.php?id=2"
        },
        "3": {
            "id": "3",
            "feedback": "1",
            "template": "0",
            "name": "a text questipmn",
            "label": "",
            "presentation": "30|5",
            "typ": "textarea",
            "hasvalue": "1",
            "position": "3",
            "required": "0",
            "dependitem": "0",
            "dependvalue": "",
            "options": "",
            "template": false,
            "url": "http:\/\/localhost:8888\/moodle\/mod\/feedback\/edit_item.php?id=3"
        }
    },
    "attempt": {
        "id": "9",
        "feedback": "1",
        "userid": "2",
        "timemodified": "1458587732",
        "random_response": "0",
        "anonymous_response": "1",
        "type": "feedback_completed",
        "url": "http:\/\/localhost:8888\/moodle\/mod\/feedback\/complete.php?id=9",
        "name": "Attempt 9",
        "responses": {
            "23": {
                "id": "23",
                "course_id": "0",
                "item": "1",
                "completed": "9",
                "tmp_completed": "0",
                "value": "2"
            },
            "24": {
                "id": "24",
                "course_id": "0",
                "item": "2",
                "completed": "9",
                "tmp_completed": "0",
                "value": "1"
            },
            "25": {
                "id": "25",
                "course_id": "0",
                "item": "3",
                "completed": "9",
                "tmp_completed": "0",
                "value": "learner response"
            }
        }
    }
}